gene,baseMean,log2FoldChange,lfcSE,stat,pvalue,padj,diffexpress
GeneA,89.29415604583562,-1.8093337717658453,0.1905228044206588,-9.496678244201068,2.166923375424571e-21,1.0834616877122856e-20,DOWN
GeneB,563.1508214181174,0.24021088589856845,0.10230052828518096,2.348090375730395,0.018869942095783954,0.047174855239459884,NO
GeneC,4.930938421346276,-0.03945754236321257,0.6534035981695282,-0.060387702904836395,0.9518468524441196,0.9518468524441196,NO
GeneD,0.5205945298821959,-0.7407091667225992,2.0257264704718048,-0.3656511269016904,0.7146254192798325,0.8932817740997906,NO
GeneE,74.29831165138114,0.19193021373233157,0.18838179944627984,1.0188362904297643,0.308280693745777,0.5138011562429616,NO
